{
  "timestamp": "2025-08-18T18:48:09.450611",
  "mission_count": 3,
  "error_count": 0,
  "uptime": 82.62241983413696
}